,picture,href,sex,category
1,http://image.reebok.co.kr/upload/prod/basic/230/GJ3703-01-01_230X230.jpg,https://shop.reebok.co.kr/RPF020401.action?PROD_CD=GJ3703,남,상
2,http://image.reebok.co.kr/upload/prod/basic/230/FU3244-01-04_230X230.jpg,https://shop.reebok.co.kr/RPF020401.action?PROD_CD=FU3244,남,하
3,http://image.reebok.co.kr/upload/prod/basic/230/FK2343-01-04_230X230.jpg,https://shop.reebok.co.kr/RPF020401.action?PROD_CD=FK2343,남,상
4,http://image.reebok.co.kr/upload/prod/basic/230/FT8105-01-04_230X230.jpg,https://shop.reebok.co.kr/RPF020401.action?PROD_CD=FT8105,남,하
5,http://image.reebok.co.kr/upload/prod/basic/230/GJ3702-01-05_230X230.jpg,https://shop.reebok.co.kr/RPF020401.action?PROD_CD=GJ3702,남,상
6,http://image.reebok.co.kr/upload/prod/basic/230/GJ3704-01-05_230X230.jpg,https://shop.reebok.co.kr/RPF020401.action?PROD_CD=GJ3704,남,상
7,http://image.reebok.co.kr/upload/prod/basic/230/FS8457-01-04_230X230.jpg,https://shop.reebok.co.kr/RPF020401.action?PROD_CD=FS8457,남,하
8,http://image.reebok.co.kr/upload/prod/basic/230/GJ3726-01-04_230X230.jpg,https://shop.reebok.co.kr/RPF020401.action?PROD_CD=GJ3726,남,상
9,http://image.reebok.co.kr/upload/prod/basic/230/GJ3725-01-04_230X230.jpg,https://shop.reebok.co.kr/RPF020401.action?PROD_CD=GJ3725,남,상
10,http://image.reebok.co.kr/upload/prod/basic/230/FP9107-01-04_230X230.jpg,https://shop.reebok.co.kr/RPF020401.action?PROD_CD=FP9107,남,하
11,http://image.reebok.co.kr/upload/prod/basic/230/GJ3731-01-01_230X230.jpg,https://shop.reebok.co.kr/RPF020401.action?PROD_CD=GJ3731,남,하
12,http://image.reebok.co.kr/upload/prod/basic/230/GJ3733-01-01_230X230.jpg,https://shop.reebok.co.kr/RPF020401.action?PROD_CD=GJ3733,남,상
13,http://image.reebok.co.kr/upload/prod/basic/230/GJ3730-01-01_230X230.jpg,https://shop.reebok.co.kr/RPF020401.action?PROD_CD=GJ3730,남,하
14,http://image.reebok.co.kr/upload/prod/basic/230/GJ3732-01-01_230X230.jpg,https://shop.reebok.co.kr/RPF020401.action?PROD_CD=GJ3732,남,상
15,http://image.reebok.co.kr/upload/prod/basic/230/FU3272-01-04_230X230.jpg,https://shop.reebok.co.kr/RPF020401.action?PROD_CD=FU3272,남,상
16,http://image.reebok.co.kr/upload/prod/basic/230/FJ4683-01-04_230X230.jpg,https://shop.reebok.co.kr/RPF020401.action?PROD_CD=FJ4683,남,상
17,http://image.reebok.co.kr/upload/prod/basic/230/FU2843-01-04_230X230.jpg,https://shop.reebok.co.kr/RPF020401.action?PROD_CD=FU2843,남,하
18,http://image.reebok.co.kr/upload/prod/basic/230/FU2854-01-04_230X230.jpg,https://shop.reebok.co.kr/RPF020401.action?PROD_CD=FU2854,남,상
19,http://image.reebok.co.kr/upload/prod/basic/230/FU3288-01-04_230X230.jpg,https://shop.reebok.co.kr/RPF020401.action?PROD_CD=FU3288,남,상
20,http://image.reebok.co.kr/upload/prod/basic/230/FU3285-01-05_230X230.jpg,https://shop.reebok.co.kr/RPF020401.action?PROD_CD=FU3285,남,상
21,http://image.reebok.co.kr/upload/prod/basic/230/FK6216-01-04_230X230.jpg,https://shop.reebok.co.kr/RPF020401.action?PROD_CD=FK6216,남,상
22,http://image.reebok.co.kr/upload/prod/basic/230/FJ4601-01-04_230X230.jpg,https://shop.reebok.co.kr/RPF020401.action?PROD_CD=FJ4601,남,하
23,http://image.reebok.co.kr/upload/prod/basic/230/FS8449-01-04_230X230.jpg,https://shop.reebok.co.kr/RPF020401.action?PROD_CD=FS8449,남,하
24,http://image.reebok.co.kr/upload/prod/basic/230/FU2870-01-04_230X230.jpg,https://shop.reebok.co.kr/RPF020401.action?PROD_CD=FU2870,남,상
25,http://image.reebok.co.kr/upload/prod/basic/230/FU3355-01-04_230X230.jpg,https://shop.reebok.co.kr/RPF020401.action?PROD_CD=FU3355,남,하
26,http://image.reebok.co.kr/upload/prod/basic/230/FU2986-01-04_230X230.jpg,https://shop.reebok.co.kr/RPF020401.action?PROD_CD=FU2986,남,상
27,http://image.reebok.co.kr/upload/prod/basic/230/FP9098-01-04_230X230.jpg,https://shop.reebok.co.kr/RPF020401.action?PROD_CD=FP9098,남,상
28,http://image.reebok.co.kr/upload/prod/basic/230/FS8447-01-04_230X230.jpg,https://shop.reebok.co.kr/RPF020401.action?PROD_CD=FS8447,남,상
29,http://image.reebok.co.kr/upload/prod/basic/230/FU2904-01-04_230X230.jpg,https://shop.reebok.co.kr/RPF020401.action?PROD_CD=FU2904,남,상
30,http://image.reebok.co.kr/upload/prod/basic/230/FU2101-01-04_230X230.jpg,https://shop.reebok.co.kr/RPF020401.action?PROD_CD=FU2101,남,하
31,http://image.reebok.co.kr/upload/prod/basic/230/FS8494-01-04_230X230.jpg,https://shop.reebok.co.kr/RPF020401.action?PROD_CD=FS8494,남,상
32,http://image.reebok.co.kr/upload/prod/basic/230/FU2901-01-04_230X230.jpg,https://shop.reebok.co.kr/RPF020401.action?PROD_CD=FU2901,남,상
33,http://image.reebok.co.kr/upload/prod/basic/230/FU2906-01-04_230X230.jpg,https://shop.reebok.co.kr/RPF020401.action?PROD_CD=FU2906,남,상
34,http://image.reebok.co.kr/upload/prod/basic/230/GC8341-01-03_230X230.jpg,https://shop.reebok.co.kr/RPF020401.action?PROD_CD=GC8341,남,하
35,http://image.reebok.co.kr/upload/prod/basic/230/FT0083-01-04_230X230.jpg,https://shop.reebok.co.kr/RPF020401.action?PROD_CD=FT0083,남,상
36,http://image.reebok.co.kr/upload/prod/basic/230/FU2103-01-04_230X230.jpg,https://shop.reebok.co.kr/RPF020401.action?PROD_CD=FU2103,남,상
37,http://image.reebok.co.kr/upload/prod/basic/230/FU1273-01-04_230X230.jpg,https://shop.reebok.co.kr/RPF020401.action?PROD_CD=FU1273,남,상
38,http://image.reebok.co.kr/upload/prod/basic/230/FU3098-01-04_230X230.jpg,https://shop.reebok.co.kr/RPF020401.action?PROD_CD=FU3098,남,상
39,http://image.reebok.co.kr/upload/prod/basic/230/FP9179-01-04_230X230.jpg,https://shop.reebok.co.kr/RPF020401.action?PROD_CD=FP9179,남,하
40,http://image.reebok.co.kr/upload/prod/basic/230/FK6185-01-04_230X230.jpg,https://shop.reebok.co.kr/RPF020401.action?PROD_CD=FK6185,남,상
41,http://image.reebok.co.kr/upload/prod/basic/230/FK6184-01-04_230X230.jpg,https://shop.reebok.co.kr/RPF020401.action?PROD_CD=FK6184,남,상
42,http://image.reebok.co.kr/upload/prod/basic/230/FP9178-01-04_230X230.jpg,https://shop.reebok.co.kr/RPF020401.action?PROD_CD=FP9178,남,하
43,http://image.reebok.co.kr/upload/prod/basic/230/FP9116-01-04_230X230.jpg,https://shop.reebok.co.kr/RPF020401.action?PROD_CD=FP9116,남,상
44,http://image.reebok.co.kr/upload/prod/basic/230/FK6269-01-04_230X230.jpg,https://shop.reebok.co.kr/RPF020401.action?PROD_CD=FK6269,남,상
45,http://image.reebok.co.kr/upload/prod/basic/230/FJ4612-01-04_230X230.jpg,https://shop.reebok.co.kr/RPF020401.action?PROD_CD=FJ4612,남,상
46,http://image.reebok.co.kr/upload/prod/basic/230/FR0024-01-04_230X230.jpg,https://shop.reebok.co.kr/RPF020401.action?PROD_CD=FR0024,남,상
47,http://image.reebok.co.kr/upload/prod/basic/230/FR0023-01-04_230X230.jpg,https://shop.reebok.co.kr/RPF020401.action?PROD_CD=FR0023,남,상
48,http://image.reebok.co.kr/upload/prod/basic/230/FQ5056-01-04_230X230.jpg,https://shop.reebok.co.kr/RPF020401.action?PROD_CD=FQ5056,남,상
49,http://image.reebok.co.kr/upload/prod/basic/230/FJ5157-01-04_230X230.jpg,https://shop.reebok.co.kr/RPF020401.action?PROD_CD=FJ5157,남,하
50,http://image.reebok.co.kr/upload/prod/basic/230/FJ4621-01-04_230X230.jpg,https://shop.reebok.co.kr/RPF020401.action?PROD_CD=FJ4621,남,상
51,http://image.reebok.co.kr/upload/prod/basic/230/FJ5156-01-04_230X230.jpg,https://shop.reebok.co.kr/RPF020401.action?PROD_CD=FJ5156,남,상
52,http://image.reebok.co.kr/upload/prod/basic/230/FK2340-01-04_230X230.jpg,https://shop.reebok.co.kr/RPF020401.action?PROD_CD=FK2340,남,하
53,http://image.reebok.co.kr/upload/prod/basic/230/FP9108-01-04_230X230.jpg,https://shop.reebok.co.kr/RPF020401.action?PROD_CD=FP9108,남,하
54,http://image.reebok.co.kr/upload/prod/basic/230/FK6344-01-04_230X230.jpg,https://shop.reebok.co.kr/RPF020401.action?PROD_CD=FK6344,남,상
55,http://image.reebok.co.kr/upload/prod/basic/230/FK6280-01-04_230X230.jpg,https://shop.reebok.co.kr/RPF020401.action?PROD_CD=FK6280,남,상
56,http://image.reebok.co.kr/upload/prod/basic/230/FP9126-01-04_230X230.jpg,https://shop.reebok.co.kr/RPF020401.action?PROD_CD=FP9126,남,하
57,http://image.reebok.co.kr/upload/prod/basic/230/FK6351-01-04_230X230.jpg,https://shop.reebok.co.kr/RPF020401.action?PROD_CD=FK6351,남,상
58,http://image.reebok.co.kr/upload/prod/basic/230/FP9088-01-04_230X230.jpg,https://shop.reebok.co.kr/RPF020401.action?PROD_CD=FP9088,남,하
59,http://image.reebok.co.kr/upload/prod/basic/230/FP9186-01-04_230X230.jpg,https://shop.reebok.co.kr/RPF020401.action?PROD_CD=FP9186,남,하
60,http://image.reebok.co.kr/upload/prod/basic/230/FP9099-01-04_230X230.jpg,https://shop.reebok.co.kr/RPF020401.action?PROD_CD=FP9099,남,상
61,http://image.reebok.co.kr/upload/prod/basic/230/FJ4059-01-04_230X230.jpg,https://shop.reebok.co.kr/RPF020401.action?PROD_CD=FJ4059,남,상
62,http://image.reebok.co.kr/upload/prod/basic/230/FJ4637-01-04_230X230.jpg,https://shop.reebok.co.kr/RPF020401.action?PROD_CD=FJ4637,남,상
63,http://image.reebok.co.kr/upload/prod/basic/230/FQ2936-01-04_230X230.jpg,https://shop.reebok.co.kr/RPF020401.action?PROD_CD=FQ2936,남,상
64,http://image.reebok.co.kr/upload/prod/basic/230/FK2342-01-04_230X230.jpg,https://shop.reebok.co.kr/RPF020401.action?PROD_CD=FK2342,남,상
65,http://image.reebok.co.kr/upload/prod/basic/230/FJ4057-01-04_230X230.jpg,https://shop.reebok.co.kr/RPF020401.action?PROD_CD=FJ4057,남,하
66,http://image.reebok.co.kr/upload/prod/basic/230/FP9110-01-04_230X230.jpg,https://shop.reebok.co.kr/RPF020401.action?PROD_CD=FP9110,남,하
67,http://image.reebok.co.kr/upload/prod/basic/230/EC8532-01-01_230X230.jpg,https://shop.reebok.co.kr/RPF020401.action?PROD_CD=EC8532,남,하
68,http://image.reebok.co.kr/upload/prod/basic/230/EC8527-01-01_230X230.jpg,https://shop.reebok.co.kr/RPF020401.action?PROD_CD=EC8527,남,상
69,http://image.reebok.co.kr/upload/prod/basic/230/EC8528-01-01_230X230.jpg,https://shop.reebok.co.kr/RPF020401.action?PROD_CD=EC8528,남,상
70,http://image.reebok.co.kr/upload/prod/basic/230/FQ4996-01-04_230X230.jpg,https://shop.reebok.co.kr/RPF020401.action?PROD_CD=FQ4996,여,상
71,http://image.reebok.co.kr/upload/prod/basic/230/FJ2697-01-04_230X230.jpg,https://shop.reebok.co.kr/RPF020401.action?PROD_CD=FJ2697,여,하
72,http://image.reebok.co.kr/upload/prod/basic/230/FI6799-01-04_230X230.jpg,https://shop.reebok.co.kr/RPF020401.action?PROD_CD=FI6799,여,상
73,http://image.reebok.co.kr/upload/prod/basic/230/FU1960-01-04_230X230.jpg,https://shop.reebok.co.kr/RPF020401.action?PROD_CD=FU1960,여,상
74,http://image.reebok.co.kr/upload/prod/basic/230/FK6781-01-05_230X230.jpg,https://shop.reebok.co.kr/RPF020401.action?PROD_CD=FK6781,여,하
75,http://image.reebok.co.kr/upload/prod/basic/230/FJ2870-01-05_230X230.jpg,https://shop.reebok.co.kr/RPF020401.action?PROD_CD=FJ2870,여,하
76,http://image.reebok.co.kr/upload/prod/basic/230/FK6844-01-04_230X230.jpg,https://shop.reebok.co.kr/RPF020401.action?PROD_CD=FK6844,여,하
77,http://image.reebok.co.kr/upload/prod/basic/230/FK7084-01-04_230X230.jpg,https://shop.reebok.co.kr/RPF020401.action?PROD_CD=FK7084,여,하
78,http://image.reebok.co.kr/upload/prod/basic/230/FK7076-01-04_230X230.jpg,https://shop.reebok.co.kr/RPF020401.action?PROD_CD=FK7076,여,상
79,http://image.reebok.co.kr/upload/prod/basic/230/FK6701-01-04_230X230.jpg,https://shop.reebok.co.kr/RPF020401.action?PROD_CD=FK6701,여,하
80,http://image.reebok.co.kr/upload/prod/basic/230/FJ2916-01-04_230X230.jpg,https://shop.reebok.co.kr/RPF020401.action?PROD_CD=FJ2916,여,상
81,http://image.reebok.co.kr/upload/prod/basic/230/FK5315-01-04_230X230.jpg,https://shop.reebok.co.kr/RPF020401.action?PROD_CD=FK5315,여,상
82,http://image.reebok.co.kr/upload/prod/basic/230/FK6878-01-04_230X230.jpg,https://shop.reebok.co.kr/RPF020401.action?PROD_CD=FK6878,여,하
83,http://image.reebok.co.kr/upload/prod/basic/230/EJ8367-01-04_230X230.jpg,https://shop.reebok.co.kr/RPF020401.action?PROD_CD=EJ8367,여,상
84,http://image.reebok.co.kr/upload/prod/basic/230/FT0082-01-04_230X230.jpg,https://shop.reebok.co.kr/RPF020401.action?PROD_CD=FT0082,여,하
85,http://image.reebok.co.kr/upload/prod/basic/230/FJ2876-01-04_230X230.jpg,https://shop.reebok.co.kr/RPF020401.action?PROD_CD=FJ2876,여,하
86,http://image.reebok.co.kr/upload/prod/basic/230/FU2309-01-05_230X230.jpg,https://shop.reebok.co.kr/RPF020401.action?PROD_CD=FU2309,여,상
87,http://image.reebok.co.kr/upload/prod/basic/230/FT0081-01-01_230X230.jpg,https://shop.reebok.co.kr/RPF020401.action?PROD_CD=FT0081,여,상
88,http://image.reebok.co.kr/upload/prod/basic/230/FJ2708-01-04_230X230.jpg,https://shop.reebok.co.kr/RPF020401.action?PROD_CD=FJ2708,여,하
89,http://image.reebok.co.kr/upload/prod/basic/230/FU2142-01-04_230X230.jpg,https://shop.reebok.co.kr/RPF020401.action?PROD_CD=FU2142,여,상
90,http://image.reebok.co.kr/upload/prod/basic/230/ED3708-01-01_230X230.jpg,https://shop.reebok.co.kr/RPF020401.action?PROD_CD=ED3708,여,하
91,http://image.reebok.co.kr/upload/prod/basic/230/ED3707-01-01_230X230.jpg,https://shop.reebok.co.kr/RPF020401.action?PROD_CD=ED3707,여,하
92,http://image.reebok.co.kr/upload/prod/basic/230/FU1950-01-04_230X230.jpg,https://shop.reebok.co.kr/RPF020401.action?PROD_CD=FU1950,여,하
93,http://image.reebok.co.kr/upload/prod/basic/230/FT0965-01-04_230X230.jpg,https://shop.reebok.co.kr/RPF020401.action?PROD_CD=FT0965,여,상
94,http://image.reebok.co.kr/upload/prod/basic/230/FU2391-01-04_230X230.jpg,https://shop.reebok.co.kr/RPF020401.action?PROD_CD=FU2391,여,상
95,http://image.reebok.co.kr/upload/prod/basic/230/FK6804-01-04_230X230.jpg,https://shop.reebok.co.kr/RPF020401.action?PROD_CD=FK6804,여,상
96,http://image.reebok.co.kr/upload/prod/basic/230/ED3719-01-01_230X230.jpg,https://shop.reebok.co.kr/RPF020401.action?PROD_CD=ED3719,여,상
97,http://image.reebok.co.kr/upload/prod/basic/230/FU2141-01-03_230X230.jpg,https://shop.reebok.co.kr/RPF020401.action?PROD_CD=FU2141,여,상
98,http://image.reebok.co.kr/upload/prod/basic/230/FT0854-01-04_230X230.jpg,https://shop.reebok.co.kr/RPF020401.action?PROD_CD=FT0854,여,상
99,http://image.reebok.co.kr/upload/prod/basic/230/FU2445-01-04_230X230.jpg,https://shop.reebok.co.kr/RPF020401.action?PROD_CD=FK5315,여,상
100,http://image.reebok.co.kr/upload/prod/basic/230/FU2324-01-05_230X230.jpg,https://shop.reebok.co.kr/RPF020401.action?PROD_CD=FU2324,여,하
101,http://image.reebok.co.kr/upload/prod/basic/230/FU2143-01-04_230X230.jpg,https://shop.reebok.co.kr/RPF020401.action?PROD_CD=FU2143,여,하
102,http://image.reebok.co.kr/upload/prod/basic/230/FU2376-01-04_230X230.jpg,https://shop.reebok.co.kr/RPF020401.action?PROD_CD=FU2376,여,상
